{
  "project_info": {
    "project_number": "1000350624581",
    "project_id": "clifirebase-97106",
    "storage_bucket": "clifirebase-97106.appspot.com"
  },
  "client": [
    {
      "client_info": {
        "mobilesdk_app_id": "1:1000350624581:android:a73e44b62aa16f95d6ec2c",
        "android_client_info": {
          "package_name": "com.tech.firebasetagf"
        }
      },
      "oauth_client": [],
      "api_key": [
        {
          "current_key": "AIzaSyDoERgqEqkhTsn9fVv-FJjzbMvnWhXE04c"
        }
      ],
      "services": {
        "appinvite_service": {
          "other_platform_oauth_client": []
        }
      }
    }
  ],
  "configuration_version": "1"
}