{"flutter":{"platforms":{"android":{"default":{"projectId":"clifirebase-97106","appId":"1:1000350624581:android:a73e44b62aa16f95d6ec2c","fileOutput":"android/app/google-services.json"}},"dart":{"lib/firebase_options.dart":{"projectId":"clifirebase-97106","configurations":{"android":"1:1000350624581:android:a73e44b62aa16f95d6ec2c","ios":"1:1000350624581:ios:984e3c60a2d295a8d6ec2c","macos":"1:1000350624581:ios:984e3c60a2d295a8d6ec2c","web":"1:1000350624581:web:072ac37055fefe69d6ec2c","windows":"1:1000350624581:web:e99fd895ba9cd185d6ec2c"}}}}}}